name|air_time|succ_transmissions|failed_transmissions|ffp|cot|offset|simulation_run|station_version|mean_channel_access_delay
Test_1_1|28982600|15254|32|2000|1900|0|1|BitrFbe|3933,2592762554082
Test_1_2|28931300|15227|32|2000|1900|0|1|BitrFbe|3940,1052735272865
Test_2_1|14430500|7595|201|2000|1900|0|2|BitrFbe|7898,9025674786035
Test_2_2|14474200|7618|185|2000|1900|0|2|BitrFbe|7876,0794171698599
Test_2_3|14445700|7603|206|2000|1900|0|2|BitrFbe|7891,1029856635532
Test_2_4|14432400|7596|193|2000|1900|0|2|BitrFbe|7897,6090047393354
Test_3_1|7199100|3789|152|2000|1900|0|3|BitrFbe|15828,119028767485
Test_3_2|7237100|3809|149|2000|1900|0|3|BitrFbe|15751,643475977948
Test_3_3|7197200|3788|146|2000|1900|0|3|BitrFbe|15836,906810982051
Test_3_4|7305500|3845|136|2000|1900|0|3|BitrFbe|15603,154486345906
Test_3_5|7166800|3772|175|2000|1900|0|3|BitrFbe|15904,608695652176
Test_3_6|7140200|3758|163|2000|1900|0|3|BitrFbe|15965,929749866949
Test_3_7|7149700|3763|141|2000|1900|0|3|BitrFbe|15936,452564443265
Test_3_8|7172500|3775|136|2000|1900|0|3|BitrFbe|15893,002119205297
Test_4_1|3547300|1867|79|2000|1900|0|4|BitrFbe|32099,633636850565
Test_4_2|3592900|1891|83|2000|1900|0|4|BitrFbe|31701,472765732418
Test_4_3|3617600|1904|76|2000|1900|0|4|BitrFbe|31487,05199579832
Test_4_4|3613800|1902|96|2000|1900|0|4|BitrFbe|31535,46792849632
Test_4_5|3520700|1853|95|2000|1900|0|4|BitrFbe|32376,775499190502
Test_4_6|3522600|1854|90|2000|1900|0|4|BitrFbe|32354,028047464941
Test_4_7|3703100|1949|91|2000|1900|0|4|BitrFbe|30774,003591585428
Test_4_8|3562500|1875|81|2000|1900|0|4|BitrFbe|31998,953066666669
Test_4_9|3670800|1932|85|2000|1900|0|4|BitrFbe|31041,759834368531
Test_4_10|3560600|1874|104|2000|1900|0|4|BitrFbe|32015
Test_4_11|3501700|1843|88|2000|1900|0|4|BitrFbe|32537,654910472054
Test_4_12|3640400|1916|91|2000|1900|0|4|BitrFbe|31306,052192066803
Test_4_13|3684100|1939|77|2000|1900|0|4|BitrFbe|30889,678700361012
Test_4_14|3629000|1910|90|2000|1900|0|4|BitrFbe|31392,218324607329
Test_4_15|3528300|1857|92|2000|1900|0|4|BitrFbe|32310,158319870759
Test_4_16|3575800|1882|76|2000|1900|0|4|BitrFbe|31865,432518597238
Test_5_1|1759400|926|53|2000|1900|0|5|BitrFbe|64583,381209503241
Test_5_2|1770800|932|42|2000|1900|0|5|BitrFbe|64365,209227467814
Test_5_3|1829700|963|50|2000|1900|0|5|BitrFbe|62251,043613707159
Test_5_4|1810700|953|43|2000|1900|0|5|BitrFbe|62934,717733473241
Test_5_5|1666300|877|51|2000|1900|0|5|BitrFbe|68118,904218928161
Test_5_6|1827800|962|52|2000|1900|0|5|BitrFbe|62339,912681912683
Test_5_7|1767000|930|52|2000|1900|0|5|BitrFbe|64507,773118279569
Test_5_8|1761300|927|29|2000|1900|0|5|BitrFbe|64614,143473570657
Test_5_9|1835400|966|46|2000|1900|0|5|BitrFbe|62021,502070393377
Test_5_10|1748000|920|46|2000|1900|0|5|BitrFbe|65177,457608695659
Test_5_11|1810700|953|41|2000|1900|0|5|BitrFbe|62869,559286463802
Test_5_12|1856300|977|54|2000|1900|0|5|BitrFbe|61392,689866939611
Test_5_13|1810700|953|50|2000|1900|0|5|BitrFbe|62942,83420776495
Test_5_14|1751800|922|42|2000|1900|0|5|BitrFbe|65000,261388286337
Test_5_15|1761300|927|45|2000|1900|0|5|BitrFbe|64687,384034519957
Test_5_16|1869600|984|46|2000|1900|0|5|BitrFbe|60916,576219512193
Test_5_17|1822100|959|51|2000|1900|0|5|BitrFbe|62565,153284671534
Test_5_18|1850600|974|53|2000|1900|0|5|BitrFbe|61599,627310061602
Test_5_19|1818300|957|56|2000|1900|0|5|BitrFbe|62653,470219435738
Test_5_20|1789800|942|49|2000|1900|0|5|BitrFbe|63583,200636942682
Test_5_21|1765100|929|51|2000|1900|0|5|BitrFbe|64483,373519913883
Test_5_22|1820200|958|43|2000|1900|0|5|BitrFbe|62626,419624217117
Test_5_23|1789800|942|37|2000|1900|0|5|BitrFbe|63618,148619957537
Test_5_24|1825900|961|45|2000|1900|0|5|BitrFbe|62364,39750260146
Test_5_25|1867700|983|41|2000|1900|0|5|BitrFbe|61031,694811800611
Test_5_26|1854400|976|40|2000|1900|0|5|BitrFbe|61461,524590163935
Test_5_27|1829700|963|46|2000|1900|0|5|BitrFbe|62240,935617860858
Test_5_28|1727100|909|44|2000|1900|0|5|BitrFbe|65703,880088008795
Test_5_29|1721400|906|53|2000|1900|0|5|BitrFbe|66126,760485651219
Test_5_30|1700500|895|56|2000|1900|0|5|BitrFbe|67028,270391061451
Test_5_31|1725200|908|42|2000|1900|0|5|BitrFbe|65991,737885462557
Test_5_32|1877200|988|47|2000|1900|0|5|BitrFbe|60634,606275303639
Test_1_1|28946500|15235|47|2000|1900|0|1|BitrFbe|3938,1669182802752
Test_1_2|28938900|15231|47|2000|1900|0|1|BitrFbe|3939,0740594839467
Test_2_1|14403900|7581|208|2000|1900|0|2|BitrFbe|7914,5207756232685
Test_2_2|14478000|7620|176|2000|1900|0|2|BitrFbe|7873,2416010498682
Test_2_3|14348800|7552|222|2000|1900|0|2|BitrFbe|7944,3930084745762
Test_2_4|14555900|7661|179|2000|1900|0|2|BitrFbe|7830,8518470173613
Test_3_1|7073700|3723|134|2000|1900|0|3|BitrFbe|16111,319097502015
Test_3_2|7221900|3801|179|2000|1900|0|3|BitrFbe|15777,648250460406
Test_3_3|7210500|3795|135|2000|1900|0|3|BitrFbe|15809,761791831357
Test_3_4|7315000|3850|125|2000|1900|0|3|BitrFbe|15578,353246753246
Test_3_5|7345400|3866|146|2000|1900|0|3|BitrFbe|15519,910243145372
Test_3_6|7138300|3757|174|2000|1900|0|3|BitrFbe|15968,640670747938
Test_3_7|7128800|3752|165|2000|1900|0|3|BitrFbe|15984,213219616206
Test_3_8|7161100|3769|126|2000|1900|0|3|BitrFbe|15917,273016715309
Test_4_1|3570100|1879|92|2000|1900|0|4|BitrFbe|31918,422032996274
Test_4_2|3689800|1942|92|2000|1900|0|4|BitrFbe|30877,969618949537
Test_4_3|3600500|1895|94|2000|1900|0|4|BitrFbe|31619,27968337731
Test_4_4|3532100|1859|84|2000|1900|0|4|BitrFbe|32248,296395911781
Test_4_5|3575800|1882|92|2000|1900|0|4|BitrFbe|31875,824654622742
Test_4_6|3579600|1884|103|2000|1900|0|4|BitrFbe|31835,787154989383
Test_4_7|3572000|1880|90|2000|1900|0|4|BitrFbe|31900,419148936173
Test_4_8|3471300|1827|84|2000|1900|0|4|BitrFbe|32809,961685823757
Test_4_9|3653700|1923|88|2000|1900|0|4|BitrFbe|31186,099323972958
Test_4_10|3604300|1897|90|2000|1900|0|4|BitrFbe|31625,816552451237
Test_4_11|3522600|1854|86|2000|1900|0|4|BitrFbe|32361,410463861921
Test_4_12|3701200|1948|81|2000|1900|0|4|BitrFbe|30796,832135523611
Test_4_13|3554900|1871|83|2000|1900|0|4|BitrFbe|32046,614644575096
Test_4_14|3581500|1885|91|2000|1900|0|4|BitrFbe|31789,065251989392
Test_4_15|3583400|1886|95|2000|1900|0|4|BitrFbe|31805,120890774127
Test_4_16|3661300|1927|71|2000|1900|0|4|BitrFbe|31134,458225220551
Test_5_1|1875300|987|45|2000|1900|0|5|BitrFbe|60784,334346504555
Test_5_2|1753700|923|54|2000|1900|0|5|BitrFbe|65003,270855904666
Test_5_3|1713800|902|43|2000|1900|0|5|BitrFbe|66464,988913525507
Test_5_4|1706200|898|47|2000|1900|0|5|BitrFbe|66797,81737193765
Test_5_5|1780300|937|56|2000|1900|0|5|BitrFbe|63949,140875133409
Test_5_6|1793600|944|37|2000|1900|0|5|BitrFbe|63357,795550847455
Test_5_7|1768900|931|48|2000|1900|0|5|BitrFbe|64421,829215896891
Test_5_8|1776500|935|52|2000|1900|0|5|BitrFbe|63779,059893048128
Test_5_9|1799300|947|57|2000|1900|0|5|BitrFbe|63286,154171066533
Test_5_10|1765100|929|57|2000|1900|0|5|BitrFbe|64316,018299246505
Test_5_11|1776500|935|63|2000|1900|0|5|BitrFbe|64073,477005347595
Test_5_12|1793600|944|58|2000|1900|0|5|BitrFbe|63520,270127118645
Test_5_13|1848700|973|43|2000|1900|0|5|BitrFbe|61573,102774922925
Test_5_14|1873400|986|47|2000|1900|0|5|BitrFbe|60842,045638945237
Test_5_15|1825900|961|47|2000|1900|0|5|BitrFbe|62331,891779396465
Test_5_16|1816400|956|51|2000|1900|0|5|BitrFbe|62757,390167364028
Test_5_17|1751800|922|41|2000|1900|0|5|BitrFbe|65012,684381778745
Test_5_18|1831600|964|42|2000|1900|0|5|BitrFbe|62220,524896265561
Test_5_19|1761300|927|40|2000|1900|0|5|BitrFbe|64632,706580366772
Test_5_20|1837300|967|49|2000|1900|0|5|BitrFbe|61999,36091003102
Test_5_21|1746100|919|49|2000|1900|0|5|BitrFbe|65246,096844396081
Test_5_22|1759400|926|51|2000|1900|0|5|BitrFbe|64746,563714902804
Test_5_23|1784100|939|46|2000|1900|0|5|BitrFbe|63897,715654952088
Test_5_24|1767000|930|44|2000|1900|0|5|BitrFbe|64440,887096774197
Test_5_25|1748000|920|47|2000|1900|0|5|BitrFbe|65050,550000000003
Test_5_26|1827800|962|47|2000|1900|0|5|BitrFbe|62303,370062370064
Test_5_27|1780300|937|51|2000|1900|0|5|BitrFbe|63978,181430096054
Test_5_28|1768900|931|47|2000|1900|0|5|BitrFbe|64409,33297529538
Test_5_29|1888600|994|54|2000|1900|0|5|BitrFbe|60348,466800804832
Test_5_30|1816400|956|50|2000|1900|0|5|BitrFbe|62627,425732217569
Test_5_31|1793600|944|59|2000|1900|0|5|BitrFbe|63551,070974576272
Test_5_32|1816400|956|46|2000|1900|0|5|BitrFbe|62743,214435146445
Test_1_1|28948400|15236|44|2000|1900|0|1|BitrFbe|3937,9120504069306
Test_1_2|28940800|15232|44|2000|1900|0|1|BitrFbe|3939,0738576680669
Test_2_1|14459000|7610|184|2000|1900|0|2|BitrFbe|7883,5922470433634
Test_2_2|14535000|7650|177|2000|1900|0|2|BitrFbe|7840,5827450980387
Test_2_3|14481800|7622|186|2000|1900|0|2|BitrFbe|7871,4321700341116
Test_2_4|14354500|7555|192|2000|1900|0|2|BitrFbe|7941,5005956320319
Test_3_1|7111700|3743|158|2000|1900|0|3|BitrFbe|16029,398076409298
Test_3_2|7273200|3828|117|2000|1900|0|3|BitrFbe|15670,932340647858
Test_3_3|7193400|3786|142|2000|1900|0|3|BitrFbe|15846,833069202326
Test_3_4|7197200|3788|140|2000|1900|0|3|BitrFbe|15834,862460401268
Test_3_5|7299800|3842|160|2000|1900|0|3|BitrFbe|15605,241020301926
Test_3_6|7159200|3768|156|2000|1900|0|3|BitrFbe|15914,28237791932
Test_3_7|7244700|3813|131|2000|1900|0|3|BitrFbe|15733,598478888014
Test_3_8|7138300|3757|148|2000|1900|0|3|BitrFbe|15966,051903114187
Test_4_1|3437100|1809|93|2000|1900|0|4|BitrFbe|33157,814262023217
Test_4_2|3608100|1899|91|2000|1900|0|4|BitrFbe|31549,637177461824
Test_4_3|3543500|1865|86|2000|1900|0|4|BitrFbe|32146,599463806971
Test_4_4|3486500|1835|80|2000|1900|0|4|BitrFbe|32690,128065395096
Test_4_5|3524500|1855|91|2000|1900|0|4|BitrFbe|32343,94555256065
Test_4_6|3630900|1911|75|2000|1900|0|4|BitrFbe|31381,926216640502
Test_4_7|3477000|1830|78|2000|1900|0|4|BitrFbe|32781,55136612022
Test_4_8|3598600|1894|75|2000|1900|0|4|BitrFbe|31674,859556494193
Test_4_9|3644200|1918|89|2000|1900|0|4|BitrFbe|31271,431178310741
Test_4_10|3638500|1915|93|2000|1900|0|4|BitrFbe|31309,29451697128
Test_4_11|3670800|1932|89|2000|1900|0|4|BitrFbe|31027,768115942032
Test_4_12|3659400|1926|76|2000|1900|0|4|BitrFbe|31146,579439252338
Test_4_13|3649900|1921|79|2000|1900|0|4|BitrFbe|31199,396668401878
Test_4_14|3589100|1889|82|2000|1900|0|4|BitrFbe|31713,585494970885
Test_4_15|3644200|1918|100|2000|1900|0|4|BitrFbe|31268,403023983316
Test_4_16|3701200|1948|91|2000|1900|0|4|BitrFbe|30800,802874743327
Test_5_1|1742300|917|41|2000|1900|0|5|BitrFbe|65152,099236641225
Test_5_2|1810700|953|45|2000|1900|0|5|BitrFbe|62835,033578174189
Test_5_3|1805000|950|51|2000|1900|0|5|BitrFbe|63145,638947368425
Test_5_4|1844900|971|53|2000|1900|0|5|BitrFbe|61777,991761071062
Test_5_5|1730900|911|46|2000|1900|0|5|BitrFbe|65821,21405049396
Test_5_6|1825900|961|51|2000|1900|0|5|BitrFbe|62430,906347554628
Test_5_7|1846800|972|49|2000|1900|0|5|BitrFbe|61696,434156378607
Test_5_8|1782200|938|53|2000|1900|0|5|BitrFbe|63941,05863539446
Test_5_9|1873400|986|37|2000|1900|0|5|BitrFbe|60802,710953346854
Test_5_10|1827800|962|52|2000|1900|0|5|BitrFbe|62361,984407484408
Test_5_11|1746100|919|48|2000|1900|0|5|BitrFbe|65265,134929270949
Test_5_12|1818300|957|60|2000|1900|0|5|BitrFbe|62584,519331243471
Test_5_13|1824000|960|36|2000|1900|0|5|BitrFbe|62489,888541666667
Test_5_14|1759400|926|34|2000|1900|0|5|BitrFbe|64778,080993520518
Test_5_15|1844900|971|46|2000|1900|0|5|BitrFbe|61724,0473738414
Test_5_16|1715700|903|44|2000|1900|0|5|BitrFbe|66303,521594684382
Test_5_17|1782200|938|52|2000|1900|0|5|BitrFbe|63959,654584221753
Test_5_18|1776500|935|44|2000|1900|0|5|BitrFbe|64140,025668449205
Test_5_19|1810700|953|64|2000|1900|0|5|BitrFbe|62959,038824763906
Test_5_20|1837300|967|47|2000|1900|0|5|BitrFbe|61985,375387797314
Test_5_21|1734700|913|59|2000|1900|0|5|BitrFbe|65539,186199342832
Test_5_22|1806900|951|48|2000|1900|0|5|BitrFbe|63001,79495268139
Test_5_23|1774600|934|43|2000|1900|0|5|BitrFbe|64040,839400428267
Test_5_24|1732800|912|46|2000|1900|0|5|BitrFbe|65744,766447368427
Test_5_25|1717600|904|54|2000|1900|0|5|BitrFbe|66352,367256637168
Test_5_26|1791700|943|32|2000|1900|0|5|BitrFbe|63599,976670201489
Test_5_27|1822100|959|51|2000|1900|0|5|BitrFbe|62458,138686131388
Test_5_28|1778400|936|45|2000|1900|0|5|BitrFbe|64042,456196581195
Test_5_29|1833500|965|48|2000|1900|0|5|BitrFbe|62025,531606217613
Test_5_30|1780300|937|45|2000|1900|0|5|BitrFbe|63939,011739594454
Test_5_31|1806900|951|47|2000|1900|0|5|BitrFbe|62916,313354363832
Test_5_32|1805000|950|45|2000|1900|0|5|BitrFbe|63100,720000000001
Test_1_1|28923700|15223|70|2000|1900|0|1|BitrFbe|3941,2743217499838
Test_1_2|28916100|15219|70|2000|1900|0|1|BitrFbe|3942,4385964912276
Test_2_1|14386800|7572|214|2000|1900|0|2|BitrFbe|7923,1537242472277
Test_2_2|14527400|7646|186|2000|1900|0|2|BitrFbe|7846,9824744964681
Test_2_3|14413400|7586|205|2000|1900|0|2|BitrFbe|7908,7878987608747
Test_2_4|14430500|7595|207|2000|1900|0|2|BitrFbe|7899,9317972350218
Test_3_1|7128800|3752|144|2000|1900|0|3|BitrFbe|15986,815298507463
Test_3_2|7235200|3808|135|2000|1900|0|3|BitrFbe|15756,297794117647
Test_3_3|7100300|3737|160|2000|1900|0|3|BitrFbe|16054,616269735083
Test_3_4|7313100|3849|157|2000|1900|0|3|BitrFbe|15585,937905949597
Test_3_5|7136400|3756|146|2000|1900|0|3|BitrFbe|15968,761448349309
Test_3_6|7197200|3788|152|2000|1900|0|3|BitrFbe|15837,952745512144
Test_3_7|7246600|3814|147|2000|1900|0|3|BitrFbe|15731,003146303094
Test_3_8|7235200|3808|136|2000|1900|0|3|BitrFbe|15752,738970588236
Test_4_1|3534000|1860|99|2000|1900|0|4|BitrFbe|32243,477956989245
Test_4_2|3518800|1852|107|2000|1900|0|4|BitrFbe|32387,961123110152
Test_4_3|3497900|1841|91|2000|1900|0|4|BitrFbe|32579,386203150461
Test_4_4|3695500|1945|93|2000|1900|0|4|BitrFbe|30830,389203084836
Test_4_5|3522600|1854|87|2000|1900|0|4|BitrFbe|32360,37108953614
Test_4_6|3691700|1943|89|2000|1900|0|4|BitrFbe|30873,061245496654
Test_4_7|3627100|1909|88|2000|1900|0|4|BitrFbe|31430,058669460454
Test_4_8|3606200|1898|102|2000|1900|0|4|BitrFbe|31607,094836670181
Test_4_9|3554900|1871|92|2000|1900|0|4|BitrFbe|32036,292357028327
Test_4_10|3602400|1896|82|2000|1900|0|4|BitrFbe|31642,487341772154
Test_4_11|3553000|1870|91|2000|1900|0|4|BitrFbe|32081,396256684493
Test_4_12|3667000|1930|78|2000|1900|0|4|BitrFbe|31060,952331606219
Test_4_13|3594800|1892|79|2000|1900|0|4|BitrFbe|31696,082452431292
Test_4_14|3558700|1873|91|2000|1900|0|4|BitrFbe|32033,131340096101
Test_4_15|3545400|1866|83|2000|1900|0|4|BitrFbe|32134,599142550913
Test_4_16|3667000|1930|82|2000|1900|0|4|BitrFbe|31066,99896373057
Test_5_1|1825900|961|36|2000|1900|0|5|BitrFbe|62430,8969823101
Test_5_2|1797400|946|41|2000|1900|0|5|BitrFbe|63388,033826638479
Test_5_3|1763200|928|49|2000|1900|0|5|BitrFbe|64644,731681034486
Test_5_4|1822100|959|52|2000|1900|0|5|BitrFbe|62536,833159541187
Test_5_5|1791700|943|54|2000|1900|0|5|BitrFbe|63614,376458112405
Test_5_6|1784100|939|48|2000|1900|0|5|BitrFbe|63866,760383386587
Test_5_7|1894300|997|42|2000|1900|0|5|BitrFbe|60093,140421263786
Test_5_8|1795500|945|43|2000|1900|0|5|BitrFbe|63283,022222222222
Test_5_9|1829700|963|49|2000|1900|0|5|BitrFbe|62160,38836967809
Test_5_10|1805000|950|53|2000|1900|0|5|BitrFbe|63076,284210526319
Test_5_11|1829700|963|52|2000|1900|0|5|BitrFbe|62267,023883696776
Test_5_12|1717600|904|40|2000|1900|0|5|BitrFbe|66369,490044247796
Test_5_13|1768900|931|52|2000|1900|0|5|BitrFbe|64430,176154672394
Test_5_14|1816400|956|42|2000|1900|0|5|BitrFbe|62585,190376569051
Test_5_15|1879100|989|53|2000|1900|0|5|BitrFbe|60538,087967644089
Test_5_16|1822100|959|36|2000|1900|0|5|BitrFbe|62490,354535974977
Test_5_17|1692900|891|54|2000|1900|0|5|BitrFbe|67140,054994388338
Test_5_18|1719500|905|58|2000|1900|0|5|BitrFbe|66210,55359116022
Test_5_19|1822100|959|49|2000|1900|0|5|BitrFbe|62532,806047966631
Test_5_20|1860100|979|55|2000|1900|0|5|BitrFbe|61279,099080694585
Test_5_21|1820200|958|48|2000|1900|0|5|BitrFbe|62630,461377870561
Test_5_22|1820200|958|63|2000|1900|0|5|BitrFbe|62505,110647181638
Test_5_23|1755600|924|45|2000|1900|0|5|BitrFbe|64754,727272727272
Test_5_24|1776500|935|47|2000|1900|0|5|BitrFbe|64063,356149732623
Test_5_25|1734700|913|49|2000|1900|0|5|BitrFbe|65674,906900328584
Test_5_26|1774600|934|49|2000|1900|0|5|BitrFbe|64214,887580299786
Test_5_27|1862000|980|42|2000|1900|0|5|BitrFbe|61210,63367346939
Test_5_28|1768900|931|49|2000|1900|0|5|BitrFbe|64303,26852846401
Test_5_29|1641600|864|36|2000|1900|0|5|BitrFbe|69415,231481481474
Test_5_30|1784100|939|42|2000|1900|0|5|BitrFbe|63862,636847710331
Test_5_31|1742300|917|65|2000|1900|0|5|BitrFbe|65339,920392584521
Test_5_32|1848700|973|56|2000|1900|0|5|BitrFbe|61535,557040082218
Test_1_1|28940800|15232|50|2000|1900|0|1|BitrFbe|3938,9461659663862
Test_1_2|28935100|15229|50|2000|1900|0|1|BitrFbe|3939,849825989887
Test_2_1|14356400|7556|197|2000|1900|0|2|BitrFbe|7940,4507676019057
Test_2_2|14451400|7606|205|2000|1900|0|2|BitrFbe|7888,5067052327104
Test_2_3|14472300|7617|205|2000|1900|0|2|BitrFbe|7876,3461992910588
Test_2_4|14516000|7640|165|2000|1900|0|2|BitrFbe|7852,895157068062
Test_3_1|7358700|3873|126|2000|1900|0|3|BitrFbe|15488,35114898012
Test_3_2|7147800|3762|140|2000|1900|0|3|BitrFbe|15947,926900584795
Test_3_3|7187700|3783|124|2000|1900|0|3|BitrFbe|15856,319851969338
Test_3_4|7187700|3783|138|2000|1900|0|3|BitrFbe|15859,906952154375
Test_3_5|7237100|3809|155|2000|1900|0|3|BitrFbe|15749,612496718299
Test_3_6|7258000|3820|130|2000|1900|0|3|BitrFbe|15704,769633507853
Test_3_7|7109800|3742|142|2000|1900|0|3|BitrFbe|16024,862373062533
Test_3_8|7201000|3790|125|2000|1900|0|3|BitrFbe|15829,590237467019
Test_4_1|3573900|1881|76|2000|1900|0|4|BitrFbe|31888,543859649126
Test_4_2|3629000|1910|76|2000|1900|0|4|BitrFbe|31413,565445026179
Test_4_3|3532100|1859|77|2000|1900|0|4|BitrFbe|32273,29532006455
Test_4_4|3560600|1874|92|2000|1900|0|4|BitrFbe|32006,629669156886
Test_4_5|3649900|1921|93|2000|1900|0|4|BitrFbe|31230,676210307131
Test_4_6|3602400|1896|110|2000|1900|0|4|BitrFbe|31630,143987341773
Test_4_7|3610000|1900|86|2000|1900|0|4|BitrFbe|31577,885789473683
Test_4_8|3642300|1917|90|2000|1900|0|4|BitrFbe|31285,658320292125
Test_4_9|3668900|1931|66|2000|1900|0|4|BitrFbe|31054,841532884515
Test_4_10|3632800|1912|100|2000|1900|0|4|BitrFbe|31368,480125523016
Test_4_11|3648000|1920|83|2000|1900|0|4|BitrFbe|31241,816145833331
Test_4_12|3484600|1834|98|2000|1900|0|4|BitrFbe|32707,898582333699
Test_4_13|3617600|1904|90|2000|1900|0|4|BitrFbe|31508,485819327736
Test_4_14|3450400|1816|104|2000|1900|0|4|BitrFbe|33016,099669603522
Test_4_15|3564400|1876|85|2000|1900|0|4|BitrFbe|31958,064498933905
Test_4_16|3581500|1885|94|2000|1900|0|4|BitrFbe|31809,597347480107
Test_5_1|1715700|903|56|2000|1900|0|5|BitrFbe|66331,291251384275
Test_5_2|1742300|917|42|2000|1900|0|5|BitrFbe|65360,964013086144
Test_5_3|1776500|935|49|2000|1900|0|5|BitrFbe|64088,135828877006
Test_5_4|1786000|940|45|2000|1900|0|5|BitrFbe|63757,558510638301
Test_5_5|1774600|934|46|2000|1900|0|5|BitrFbe|63996,904710920768
Test_5_6|1824000|960|46|2000|1900|0|5|BitrFbe|62443,373958333337
Test_5_7|1898100|999|42|2000|1900|0|5|BitrFbe|60046,476476476477
Test_5_8|1822100|959|42|2000|1900|0|5|BitrFbe|62526,834202294056
Test_5_9|1841100|969|48|2000|1900|0|5|BitrFbe|61875,540763673889
Test_5_10|1827800|962|39|2000|1900|0|5|BitrFbe|62130,192307692312
Test_5_11|1894300|997|50|2000|1900|0|5|BitrFbe|60180,523570712139
Test_5_12|1786000|940|42|2000|1900|0|5|BitrFbe|63755,441489361707
Test_5_13|1822100|959|40|2000|1900|0|5|BitrFbe|62516,712200208553
Test_5_14|1797400|946|56|2000|1900|0|5|BitrFbe|63414,70507399577
Test_5_15|1732800|912|46|2000|1900|0|5|BitrFbe|65617,151315789481
Test_5_16|1858200|978|52|2000|1900|0|5|BitrFbe|61347,704498977502
Test_5_17|1820200|958|39|2000|1900|0|5|BitrFbe|62618,336116910235
Test_5_18|1854400|976|34|2000|1900|0|5|BitrFbe|61441,706967213111
Test_5_19|1748000|920|45|2000|1900|0|5|BitrFbe|65084,455434782612
Test_5_20|1759400|926|55|2000|1900|0|5|BitrFbe|64706,782937365009
Test_5_21|1827800|962|46|2000|1900|0|5|BitrFbe|62341,887733887736
Test_5_22|1839200|968|37|2000|1900|0|5|BitrFbe|61931,424586776862
Test_5_23|1761300|927|50|2000|1900|0|5|BitrFbe|64693,601941747576
Test_5_24|1860100|979|53|2000|1900|0|5|BitrFbe|61267,224719101127
Test_5_25|1797400|946|48|2000|1900|0|5|BitrFbe|63334,691331923896
Test_5_26|1786000|940|53|2000|1900|0|5|BitrFbe|63745,181914893619
Test_5_27|1730900|911|46|2000|1900|0|5|BitrFbe|65844,649835345772
Test_5_28|1801200|948|39|2000|1900|0|5|BitrFbe|63282,951476793256
Test_5_29|1727100|909|50|2000|1900|0|5|BitrFbe|66002,341034103418
Test_5_30|1778400|936|40|2000|1900|0|5|BitrFbe|64075,675213675218
Test_5_31|1662500|875|55|2000|1900|0|5|BitrFbe|68458,299428571423
Test_5_32|1799300|947|42|2000|1900|0|5|BitrFbe|63241,111932418164
Test_1_1|28918000|15220|86|2000|1900|0|1|BitrFbe|3942,1789750328512
Test_1_2|28889500|15205|86|2000|1900|0|1|BitrFbe|3945,9412693193026
Test_2_1|14388700|7573|194|2000|1900|0|2|BitrFbe|7921,8493331572681
Test_2_2|14506500|7635|163|2000|1900|0|2|BitrFbe|7858,0319580877531
Test_2_3|14489400|7626|168|2000|1900|0|2|BitrFbe|7866,5346184107002
Test_2_4|14464700|7613|197|2000|1900|0|2|BitrFbe|7881,2510179955334
Test_3_1|7180100|3779|149|2000|1900|0|3|BitrFbe|15874,654670547763
Test_3_2|7202900|3791|147|2000|1900|0|3|BitrFbe|15822,350567132684
Test_3_3|7362500|3875|152|2000|1900|0|3|BitrFbe|15480,364387096775
Test_3_4|7163000|3770|143|2000|1900|0|3|BitrFbe|15913,576392572946
Test_3_5|7172500|3775|142|2000|1900|0|3|BitrFbe|15894,034966887417
Test_3_6|7227600|3804|138|2000|1900|0|3|BitrFbe|15772,356992639327
Test_3_7|7195300|3787|160|2000|1900|0|3|BitrFbe|15842,648534459995
Test_3_8|7090800|3732|146|2000|1900|0|3|BitrFbe|16075,095391211147
Test_4_1|3543500|1865|98|2000|1900|0|4|BitrFbe|32166,285254691687
Test_4_2|3731600|1964|68|2000|1900|0|4|BitrFbe|30545,849796334012
Test_4_3|3566300|1877|80|2000|1900|0|4|BitrFbe|31923,388385721897
Test_4_4|3672700|1933|79|2000|1900|0|4|BitrFbe|31012,651836523539
Test_4_5|3594800|1892|89|2000|1900|0|4|BitrFbe|31702,126849894292
Test_4_6|3505500|1845|97|2000|1900|0|4|BitrFbe|32463,369105691057
Test_4_7|3703100|1949|78|2000|1900|0|4|BitrFbe|30750,04822986147
Test_4_8|3649900|1921|86|2000|1900|0|4|BitrFbe|31224,545028630921
Test_4_9|3467500|1825|84|2000|1900|0|4|BitrFbe|32876,692602739728
Test_4_10|3760100|1979|62|2000|1900|0|4|BitrFbe|30310,402223345125
Test_4_11|3532100|1859|108|2000|1900|0|4|BitrFbe|32226,193652501344
Test_4_12|3452300|1817|89|2000|1900|0|4|BitrFbe|32996,803522289491
Test_4_13|3649900|1921|87|2000|1900|0|4|BitrFbe|31226,560645497138
Test_4_14|3579600|1884|103|2000|1900|0|4|BitrFbe|31802,667728237793
Test_4_15|3539700|1863|94|2000|1900|0|4|BitrFbe|32192,493827160495
Test_4_16|3532100|1859|84|2000|1900|0|4|BitrFbe|32263,835395373859
Test_5_1|1795500|945|43|2000|1900|0|5|BitrFbe|63444,972486772494
Test_5_2|1833500|965|42|2000|1900|0|5|BitrFbe|62124,050777202072
Test_5_3|1721400|906|45|2000|1900|0|5|BitrFbe|66218,745033112587
Test_5_4|1814500|955|54|2000|1900|0|5|BitrFbe|62786,671204188482
Test_5_5|1768900|931|44|2000|1900|0|5|BitrFbe|64363,68958109559
Test_5_6|1700500|895|60|2000|1900|0|5|BitrFbe|67015,351955307255
Test_5_7|1789800|942|46|2000|1900|0|5|BitrFbe|63605,846072186847
Test_5_8|1677700|883|43|2000|1900|0|5|BitrFbe|67937,014722536813
Test_5_9|1782200|938|59|2000|1900|0|5|BitrFbe|63887,481876332626
Test_5_10|1803100|949|55|2000|1900|0|5|BitrFbe|63024,34035827186
Test_5_11|1757500|925|42|2000|1900|0|5|BitrFbe|64743,305945945947
Test_5_12|1860100|979|61|2000|1900|0|5|BitrFbe|61267,27987742595
Test_5_13|1867700|983|53|2000|1900|0|5|BitrFbe|61012,054933875894
Test_5_14|1704300|897|55|2000|1900|0|5|BitrFbe|66801,130434782608
Test_5_15|1738500|915|41|2000|1900|0|5|BitrFbe|65504,006557377048
Test_5_16|1810700|953|47|2000|1900|0|5|BitrFbe|62839,030430220359
Test_5_17|1768900|931|53|2000|1900|0|5|BitrFbe|64436,424274973149
Test_5_18|1786000|940|63|2000|1900|0|5|BitrFbe|63829,768085106378
Test_5_19|1846800|972|51|2000|1900|0|5|BitrFbe|61568,896090534981
Test_5_20|1822100|959|42|2000|1900|0|5|BitrFbe|62490,515119916578
Test_5_21|1738500|915|45|2000|1900|0|5|BitrFbe|65569,519125683059
Test_5_22|1805000|950|40|2000|1900|0|5|BitrFbe|63123,24105263158
Test_5_23|1786000|940|47|2000|1900|0|5|BitrFbe|63658,660638297872
Test_5_24|1852500|975|46|2000|1900|0|5|BitrFbe|61490,833846153851
Test_5_25|1835400|966|53|2000|1900|0|5|BitrFbe|61991,357142857145
Test_5_26|1761300|927|36|2000|1900|0|5|BitrFbe|64681,061488673142
Test_5_27|1805000|950|46|2000|1900|0|5|BitrFbe|63045,687368421059
Test_5_28|1810700|953|51|2000|1900|0|5|BitrFbe|62859,448058761802
Test_5_29|1816400|956|46|2000|1900|0|5|BitrFbe|62745,314853556483
Test_5_30|1947500|1025|52|2000|1900|0|5|BitrFbe|58373,983414634153
Test_5_31|1749900|921|44|2000|1900|0|5|BitrFbe|65138,171552660147
Test_5_32|1812600|954|39|2000|1900|0|5|BitrFbe|62854,514675052415
Test_1_1|28954100|15239|32|2000|1900|0|1|BitrFbe|3937,004396613951
Test_1_2|28957900|15241|32|2000|1900|0|1|BitrFbe|3936,6141985434024
Test_2_1|14392500|7575|221|2000|1900|0|2|BitrFbe|7920,2714191419136
Test_2_2|14371600|7564|238|2000|1900|0|2|BitrFbe|7932,3061872025382
Test_2_3|14514100|7639|193|2000|1900|0|2|BitrFbe|7853,1544704804282
Test_2_4|14424800|7592|212|2000|1900|0|2|BitrFbe|7902,0273972602736
Test_3_1|7018600|3694|143|2000|1900|0|3|BitrFbe|16238,340822956146
Test_3_2|7252300|3817|153|2000|1900|0|3|BitrFbe|15717,617500654964
Test_3_3|7216200|3798|155|2000|1900|0|3|BitrFbe|15786,514481305951
Test_3_4|7259900|3821|142|2000|1900|0|3|BitrFbe|15700,145773357761
Test_3_5|7151600|3764|159|2000|1900|0|3|BitrFbe|15936,866896918173
Test_3_6|7220000|3800|159|2000|1900|0|3|BitrFbe|15787,416842105262
Test_3_7|7187700|3783|149|2000|1900|0|3|BitrFbe|15859,914089347079
Test_3_8|7261800|3822|146|2000|1900|0|3|BitrFbe|15697,56698063841
Test_4_1|3518800|1852|96|2000|1900|0|4|BitrFbe|32394,213822894166
Test_4_2|3515000|1850|85|2000|1900|0|4|BitrFbe|32413,474054054055
Test_4_3|3598600|1894|70|2000|1900|0|4|BitrFbe|31676,88965153115
Test_4_4|3526400|1856|86|2000|1900|0|4|BitrFbe|32327,542564655174
Test_4_5|3551100|1869|105|2000|1900|0|4|BitrFbe|32095,381487426432
Test_4_6|3651800|1922|87|2000|1900|0|4|BitrFbe|31212,37513007284
Test_4_7|3604300|1897|84|2000|1900|0|4|BitrFbe|31627,829204006328
Test_4_8|3627100|1909|83|2000|1900|0|4|BitrFbe|31407,629649030907
Test_4_9|3539700|1863|95|2000|1900|0|4|BitrFbe|32196,660225442836
Test_4_10|3600500|1895|78|2000|1900|0|4|BitrFbe|31645,799472295515
Test_4_11|3602400|1896|86|2000|1900|0|4|BitrFbe|31620,916139240504
Test_4_12|3657500|1925|75|2000|1900|0|4|BitrFbe|31129,365194805196
Test_4_13|3615700|1903|92|2000|1900|0|4|BitrFbe|31514,803468208094
Test_4_14|3534000|1860|91|2000|1900|0|4|BitrFbe|32247,539784946239
Test_4_15|3657500|1925|76|2000|1900|0|4|BitrFbe|31164,756883116886
Test_4_16|3693600|1944|89|2000|1900|0|4|BitrFbe|30837,146604938273
Test_5_1|1768900|931|56|2000|1900|0|5|BitrFbe|64386,284640171863
Test_5_2|1816400|956|47|2000|1900|0|5|BitrFbe|62716,717573221758
Test_5_3|1862000|980|48|2000|1900|0|5|BitrFbe|61141,215306122453
Test_5_4|1710000|900|52|2000|1900|0|5|BitrFbe|66470,52444444444
Test_5_5|1810700|953|57|2000|1900|0|5|BitrFbe|62865,325288562439
Test_5_6|1713800|902|50|2000|1900|0|5|BitrFbe|66503,702882483369
Test_5_7|1812600|954|49|2000|1900|0|5|BitrFbe|62850,286163522011
Test_5_8|1822100|959|46|2000|1900|0|5|BitrFbe|62500,355578727838
Test_5_9|1854400|976|46|2000|1900|0|5|BitrFbe|61381,894467213111
Test_5_10|1780300|937|41|2000|1900|0|5|BitrFbe|64017,515474919957
Test_5_11|1717600|904|42|2000|1900|0|5|BitrFbe|66360,913716814175
Test_5_12|1839200|968|53|2000|1900|0|5|BitrFbe|61879,14256198347
Test_5_13|1822100|959|53|2000|1900|0|5|BitrFbe|62496,252346193956
Test_5_14|1748000|920|47|2000|1900|0|5|BitrFbe|65054,983695652169
Test_5_15|1744200|918|48|2000|1900|0|5|BitrFbe|65283,290849673205
Test_5_16|1765100|929|57|2000|1900|0|5|BitrFbe|64554,190527448867
Test_5_17|1765100|929|51|2000|1900|0|5|BitrFbe|64562,555435952643
Test_5_18|1801200|948|47|2000|1900|0|5|BitrFbe|63272,645569620254
Test_5_19|1831600|964|53|2000|1900|0|5|BitrFbe|62190,204356846472
Test_5_20|1789800|942|53|2000|1900|0|5|BitrFbe|63533,606157112532
Test_5_21|1833500|965|42|2000|1900|0|5|BitrFbe|62141,909844559588
Test_5_22|1717600|904|59|2000|1900|0|5|BitrFbe|66307,193584070803
Test_5_23|1793600|944|52|2000|1900|0|5|BitrFbe|63555,172669491527
Test_5_24|1715700|903|53|2000|1900|0|5|BitrFbe|66331,212624584718
Test_5_25|1789800|942|46|2000|1900|0|5|BitrFbe|63692,154989384289
Test_5_26|1824000|960|47|2000|1900|0|5|BitrFbe|62479,730208333342
Test_5_27|1806900|951|53|2000|1900|0|5|BitrFbe|63044,375394321767
Test_5_28|1827800|962|56|2000|1900|0|5|BitrFbe|62370,043659043658
Test_5_29|1820200|958|48|2000|1900|0|5|BitrFbe|62624,351774530274
Test_5_30|1725200|908|57|2000|1900|0|5|BitrFbe|65957,405286343623
Test_5_31|1816400|956|53|2000|1900|0|5|BitrFbe|62686,323221757324
Test_5_32|1873400|986|44|2000|1900|0|5|BitrFbe|60765,250507099394
Test_1_1|28963600|15244|34|2000|1900|0|1|BitrFbe|3935,847218577801
Test_1_2|28946500|15235|34|2000|1900|0|1|BitrFbe|3938,298785690843
Test_2_1|14438100|7599|231|2000|1900|0|2|BitrFbe|7895,2531912093691
Test_2_2|14459000|7610|183|2000|1900|0|2|BitrFbe|7884,0952693823911
Test_2_3|14386800|7572|228|2000|1900|0|2|BitrFbe|7923,1454041204443
Test_2_4|14394400|7576|250|2000|1900|0|2|BitrFbe|7919,7382523759234
Test_3_1|7164900|3771|167|2000|1900|0|3|BitrFbe|15905,722089631397
Test_3_2|7263700|3823|146|2000|1900|0|3|BitrFbe|15693,962594820821
Test_3_3|7202900|3791|139|2000|1900|0|3|BitrFbe|15824,892112898971
Test_3_4|7290300|3837|139|2000|1900|0|3|BitrFbe|15635,683867604901
Test_3_5|7106000|3740|141|2000|1900|0|3|BitrFbe|16036,00294117647
Test_3_6|7180100|3779|154|2000|1900|0|3|BitrFbe|15874,63535326806
Test_3_7|7168700|3773|147|2000|1900|0|3|BitrFbe|15898,842035515505
Test_3_8|7199100|3789|161|2000|1900|0|3|BitrFbe|15834,271839535499
Test_4_1|3573900|1881|90|2000|1900|0|4|BitrFbe|31895,844231791601
Test_4_2|3572000|1880|75|2000|1900|0|4|BitrFbe|31913,83510638298
Test_4_3|3554900|1871|81|2000|1900|0|4|BitrFbe|32063,195617316942
Test_4_4|3554900|1871|102|2000|1900|0|4|BitrFbe|32065,269909139497
Test_4_5|3623300|1907|97|2000|1900|0|4|BitrFbe|31456,901940220243
Test_4_6|3648000|1920|91|2000|1900|0|4|BitrFbe|31238,842708333334
Test_4_7|3594800|1892|81|2000|1900|0|4|BitrFbe|31702,169661733617
Test_4_8|3598600|1894|77|2000|1900|0|4|BitrFbe|31663,572861668425
Test_4_9|3608100|1899|86|2000|1900|0|4|BitrFbe|31568,875724065296
Test_4_10|3809500|2005|70|2000|1900|0|4|BitrFbe|29925,160099750625
Test_4_11|3697400|1946|105|2000|1900|0|4|BitrFbe|30825,461973278521
Test_4_12|3505500|1845|72|2000|1900|0|4|BitrFbe|32516,079132791328
Test_4_13|3490300|1837|87|2000|1900|0|4|BitrFbe|32653,458900381062
Test_4_14|3526400|1856|83|2000|1900|0|4|BitrFbe|32312,895474137931
Test_4_15|3482700|1833|95|2000|1900|0|4|BitrFbe|32719,400436442993
Test_4_16|3655600|1924|76|2000|1900|0|4|BitrFbe|31148,6288981289
Test_5_1|1799300|947|51|2000|1900|0|5|BitrFbe|63284,442449841612
Test_5_2|1799300|947|48|2000|1900|0|5|BitrFbe|63343,643083421332
Test_5_3|1694800|892|49|2000|1900|0|5|BitrFbe|67132,229820627806
Test_5_4|1765100|929|53|2000|1900|0|5|BitrFbe|64385,399354144247
Test_5_5|1837300|967|43|2000|1900|0|5|BitrFbe|62019,494312306109
Test_5_6|1793600|944|64|2000|1900|0|5|BitrFbe|63508,079449152545
Test_5_7|1795500|945|54|2000|1900|0|5|BitrFbe|63424,504761904762
Test_5_8|1801200|948|62|2000|1900|0|5|BitrFbe|63264,543248945149
Test_5_9|1774600|934|41|2000|1900|0|5|BitrFbe|64194,217344753743
Test_5_10|1789800|942|63|2000|1900|0|5|BitrFbe|63614,162420382163
Test_5_11|1805000|950|52|2000|1900|0|5|BitrFbe|63111,023157894735
Test_5_12|1827800|962|48|2000|1900|0|5|BitrFbe|62283,553014553014
Test_5_13|1793600|944|47|2000|1900|0|5|BitrFbe|63495,774364406781
Test_5_14|1930400|1016|44|2000|1900|0|5|BitrFbe|59034,113188976378
Test_5_15|1742300|917|61|2000|1900|0|5|BitrFbe|65255,490730643411
Test_5_16|1778400|936|59|2000|1900|0|5|BitrFbe|64007,408119658132
Test_5_17|1738500|915|56|2000|1900|0|5|BitrFbe|65565,25792349728
Test_5_18|1748000|920|52|2000|1900|0|5|BitrFbe|65185,747826086961
Test_5_19|1812600|954|54|2000|1900|0|5|BitrFbe|62888,985324947585
Test_5_20|1774600|934|52|2000|1900|0|5|BitrFbe|64229,426124197002
Test_5_21|1791700|943|61|2000|1900|0|5|BitrFbe|63606,135737009543
Test_5_22|1816400|956|51|2000|1900|0|5|BitrFbe|62723,001046025107
Test_5_23|1755600|924|57|2000|1900|0|5|BitrFbe|64803,103896103894
Test_5_24|1751800|922|47|2000|1900|0|5|BitrFbe|64763,073752711498
Test_5_25|1818300|957|55|2000|1900|0|5|BitrFbe|62677,652037617554
Test_5_26|1803100|949|48|2000|1900|0|5|BitrFbe|63222,397260273974
Test_5_27|1740400|916|49|2000|1900|0|5|BitrFbe|65445,165938864637
Test_5_28|1767000|930|29|2000|1900|0|5|BitrFbe|64516,109677419357
Test_5_29|1913300|1007|43|2000|1900|0|5|BitrFbe|59571,357497517383
Test_5_30|1748000|920|56|2000|1900|0|5|BitrFbe|65192,080434782612
Test_5_31|1730900|911|52|2000|1900|0|5|BitrFbe|65723,576289791439
Test_5_32|1837300|967|53|2000|1900|0|5|BitrFbe|61793,294725956577
Test_1_1|28988300|15257|38|2000|1900|0|1|BitrFbe|3932,4918398112341
Test_1_2|28912300|15217|38|2000|1900|0|1|BitrFbe|3942,9573503318657
Test_2_1|14470400|7616|197|2000|1900|0|2|BitrFbe|7877,379201680671
Test_2_2|14493200|7628|191|2000|1900|0|2|BitrFbe|7865,7530152071313
Test_2_3|14455200|7608|188|2000|1900|0|2|BitrFbe|7885,9216614090428
Test_2_4|14384900|7571|193|2000|1900|0|2|BitrFbe|7924,7164179104484
Test_3_1|7197200|3788|144|2000|1900|0|3|BitrFbe|15838,461457233368
Test_3_2|7149700|3763|165|2000|1900|0|3|BitrFbe|15944,203295243156
Test_3_3|7244700|3813|142|2000|1900|0|3|BitrFbe|15731,042748492002
Test_3_4|7199100|3789|137|2000|1900|0|3|BitrFbe|15831,203483768806
Test_3_5|7123100|3749|149|2000|1900|0|3|BitrFbe|15997,520938917045
Test_3_6|7311200|3848|148|2000|1900|0|3|BitrFbe|15588,968035343034
Test_3_7|7136400|3756|136|2000|1900|0|3|BitrFbe|15961,496805111821
Test_3_8|7246600|3814|139|2000|1900|0|3|BitrFbe|15728,948872574725
Test_4_1|3566300|1877|90|2000|1900|0|4|BitrFbe|31965,883857218967
Test_4_2|3638500|1915|86|2000|1900|0|4|BitrFbe|31303,200000000001
Test_4_3|3587200|1888|104|2000|1900|0|4|BitrFbe|31775,521186440681
Test_4_4|3553000|1870|91|2000|1900|0|4|BitrFbe|32080,351336898399
Test_4_5|3648000|1920|96|2000|1900|0|4|BitrFbe|31228,731250000001
Test_4_6|3606200|1898|91|2000|1900|0|4|BitrFbe|31605,040569020024
Test_4_7|3573900|1881|96|2000|1900|0|4|BitrFbe|31881,382243487507
Test_4_8|3722100|1959|90|2000|1900|0|4|BitrFbe|30602,103113833589
Test_4_9|3627100|1909|84|2000|1900|0|4|BitrFbe|31420,898376113149
Test_4_10|3406700|1793|86|2000|1900|0|4|BitrFbe|33438,549358616845
Test_4_11|3629000|1910|91|2000|1900|0|4|BitrFbe|31401,382198952881
Test_4_12|3615700|1903|91|2000|1900|0|4|BitrFbe|31488,361008933265
Test_4_13|3602400|1896|73|2000|1900|0|4|BitrFbe|31620,987341772154
Test_4_14|3511200|1848|99|2000|1900|0|4|BitrFbe|32446,477272727272
Test_4_15|3528300|1857|92|2000|1900|0|4|BitrFbe|32309,096392030158
Test_4_16|3587200|1888|106|2000|1900|0|4|BitrFbe|31773,465572033896
Test_5_1|1863900|981|45|2000|1900|0|5|BitrFbe|61128,392456676862
Test_5_2|1795500|945|47|2000|1900|0|5|BitrFbe|63440,712169312174
Test_5_3|1698600|894|45|2000|1900|0|5|BitrFbe|67105,381431767339
Test_5_4|1810700|953|52|2000|1900|0|5|BitrFbe|62794,375655823715
Test_5_5|1753700|923|38|2000|1900|0|5|BitrFbe|65001,19284940412
Test_5_6|1757500|925|52|2000|1900|0|5|BitrFbe|64582,080000000002
Test_5_7|1886700|993|38|2000|1900|0|5|BitrFbe|60413,167170191344
Test_5_8|1805000|950|56|2000|1900|0|5|BitrFbe|63143,553684210528
Test_5_9|1776500|935|43|2000|1900|0|5|BitrFbe|64137,839572192512
Test_5_10|1793600|944|39|2000|1900|0|5|BitrFbe|63491,481991525419
Test_5_11|1862000|980|44|2000|1900|0|5|BitrFbe|61080,112244897959
Test_5_12|1803100|949|55|2000|1900|0|5|BitrFbe|63101,902002107483
Test_5_13|1797400|946|47|2000|1900|0|5|BitrFbe|63070,815010570826
Test_5_14|1738500|915|40|2000|1900|0|5|BitrFbe|65497,393442622946
Test_5_15|1765100|929|38|2000|1900|0|5|BitrFbe|64537,537136706131
Test_5_16|1803100|949|45|2000|1900|0|5|BitrFbe|63197,74604847208
Test_5_17|1860100|979|55|2000|1900|0|5|BitrFbe|61205,75485188968
Test_5_18|1784100|939|41|2000|1900|0|5|BitrFbe|63881,173588924394
Test_5_19|1801200|948|47|2000|1900|0|5|BitrFbe|63215,377637130812
Test_5_20|1890500|995|50|2000|1900|0|5|BitrFbe|60299,534673366834
Test_5_21|1730900|911|56|2000|1900|0|5|BitrFbe|65861,650933040612
Test_5_22|1772700|933|45|2000|1900|0|5|BitrFbe|64277,392282958208
Test_5_23|1875300|987|42|2000|1900|0|5|BitrFbe|60664,57345491388
Test_5_24|1789800|942|57|2000|1900|0|5|BitrFbe|63669,41401273886
Test_5_25|1799300|947|44|2000|1900|0|5|BitrFbe|63314,927138331572
Test_5_26|1797400|946|53|2000|1900|0|5|BitrFbe|63402,264270613101
Test_5_27|1763200|928|50|2000|1900|0|5|BitrFbe|64554,868534482761
Test_5_28|1765100|929|51|2000|1900|0|5|BitrFbe|64504,105489773952
Test_5_29|1744200|918|47|2000|1900|0|5|BitrFbe|65353,091503267977
Test_5_30|1748000|920|47|2000|1900|0|5|BitrFbe|65162,47282608696
Test_5_31|1820200|958|39|2000|1900|0|5|BitrFbe|62618,289144050104
Test_5_32|1759400|926|59|2000|1900|0|5|BitrFbe|64765,371490280777
Test_1_1|28959800|15242|24|2000|1900|0|1|BitrFbe|3936,3607138170842
Test_1_2|28967400|15246|24|2000|1900|0|1|BitrFbe|3935,4561196379373
Test_2_1|14345000|7550|229|2000|1900|0|2|BitrFbe|7946,24463576159
Test_2_2|14396300|7577|231|2000|1900|0|2|BitrFbe|7918,4434472746461
Test_2_3|14409600|7584|212|2000|1900|0|2|BitrFbe|7910,8806698312228
Test_2_4|14557800|7662|191|2000|1900|0|2|BitrFbe|7830,8512137823018
Test_3_1|7290300|3837|171|2000|1900|0|3|BitrFbe|15633,66093302059
Test_3_2|7223800|3802|159|2000|1900|0|3|BitrFbe|15778,591004734351
Test_3_3|7045200|3708|144|2000|1900|0|3|BitrFbe|16180,688241639698
Test_3_4|7121200|3748|172|2000|1900|0|3|BitrFbe|15992,970651013875
Test_3_5|7216200|3798|151|2000|1900|0|3|BitrFbe|15795,725645076356
Test_3_6|7239000|3810|152|2000|1900|0|3|BitrFbe|15743,436745406825
Test_3_7|7164900|3771|150|2000|1900|0|3|BitrFbe|15910,884645982498
Test_3_8|7214300|3797|155|2000|1900|0|3|BitrFbe|15795,796944956546
Test_4_1|3615700|1903|86|2000|1900|0|4|BitrFbe|31520,987913820285
Test_4_2|3619500|1905|67|2000|1900|0|4|BitrFbe|31484,8125984252
Test_4_3|3524500|1855|90|2000|1900|0|4|BitrFbe|32288,402156334232
Test_4_4|3629000|1910|91|2000|1900|0|4|BitrFbe|31403,40104712042
Test_4_5|3655600|1924|105|2000|1900|0|4|BitrFbe|31160,745841995842
Test_4_6|3530200|1858|90|2000|1900|0|4|BitrFbe|32288,590958019377
Test_4_7|3687900|1941|90|2000|1900|0|4|BitrFbe|30910,885110767649
Test_4_8|3587200|1888|76|2000|1900|0|4|BitrFbe|31743,652012711867
Test_4_9|3568200|1878|101|2000|1900|0|4|BitrFbe|31939,560702875402
Test_4_10|3556800|1872|85|2000|1900|0|4|BitrFbe|32051,267628205129
Test_4_11|3553000|1870|92|2000|1900|0|4|BitrFbe|32078,285561497327
Test_4_12|3547300|1867|93|2000|1900|0|4|BitrFbe|32133,983395822175
Test_4_13|3587200|1888|91|2000|1900|0|4|BitrFbe|31774,495762711867
Test_4_14|3598600|1894|96|2000|1900|0|4|BitrFbe|31636,929250263995
Test_4_15|3611900|1901|95|2000|1900|0|4|BitrFbe|31556,192004208311
Test_4_16|3545400|1866|105|2000|1900|0|4|BitrFbe|32141,803858520903
Test_5_1|1846800|972|54|2000|1900|0|5|BitrFbe|61718,399176954736
Test_5_2|1780300|937|48|2000|1900|0|5|BitrFbe|64027,895410885802
Test_5_3|1787900|941|49|2000|1900|0|5|BitrFbe|63741,352816153027
Test_5_4|1824000|960|52|2000|1900|0|5|BitrFbe|62342,550000000003
Test_5_5|1774600|934|43|2000|1900|0|5|BitrFbe|64129,902569593149
Test_5_6|1818300|957|51|2000|1900|0|5|BitrFbe|62582,580982236155
Test_5_7|1799300|947|42|2000|1900|0|5|BitrFbe|63300,70221752904
Test_5_8|1727100|909|54|2000|1900|0|5|BitrFbe|65974,592959295929
Test_5_9|1774600|934|44|2000|1900|0|5|BitrFbe|64221,154175588868
Test_5_10|1689100|889|57|2000|1900|0|5|BitrFbe|67487,137232845897
Test_5_11|1734700|913|44|2000|1900|0|5|BitrFbe|65670,75355969333
Test_5_12|1787900|941|39|2000|1900|0|5|BitrFbe|63671,430393198723
Test_5_13|1873400|986|56|2000|1900|0|5|BitrFbe|60728,115618661257
Test_5_14|1808800|952|56|2000|1900|0|5|BitrFbe|62982,475840336134
Test_5_15|1833500|965|49|2000|1900|0|5|BitrFbe|62101,907772020721
Test_5_16|1822100|959|45|2000|1900|0|5|BitrFbe|62563,096976016684
Test_5_17|1831600|964|50|2000|1900|0|5|BitrFbe|62208,484439834028
Test_5_18|1803100|949|48|2000|1900|0|5|BitrFbe|63173,426765015807
Test_5_19|1827800|962|57|2000|1900|0|5|BitrFbe|62307,637214137212
Test_5_20|1768900|931|43|2000|1900|0|5|BitrFbe|64446,792696025783
Test_5_21|1761300|927|42|2000|1900|0|5|BitrFbe|64630,956850053939
Test_5_22|1837300|967|55|2000|1900|0|5|BitrFbe|61895,298862461219
Test_5_23|1884800|992|49|2000|1900|0|5|BitrFbe|60409,664314516129
Test_5_24|1753700|923|54|2000|1900|0|5|BitrFbe|64820,61105092091
Test_5_25|1778400|936|48|2000|1900|0|5|BitrFbe|63951,426282051281
Test_5_26|1844900|971|50|2000|1900|0|5|BitrFbe|61652,239958805359
Test_5_27|1744200|918|40|2000|1900|0|5|BitrFbe|65308,833333333328
Test_5_28|1772700|933|56|2000|1900|0|5|BitrFbe|64281,677384780283
Test_5_29|1825900|961|37|2000|1900|0|5|BitrFbe|62420,824141519246
Test_5_30|1702400|896|38|2000|1900|0|5|BitrFbe|66851,86830357142
Test_5_31|1704300|897|47|2000|1900|0|5|BitrFbe|66859,335562987733
Test_5_32|1850600|974|51|2000|1900|0|5|BitrFbe|61593,645790554416
